21/06/2021 21:00;5.013
21/06/2021 21:00;5.013
21/06/2021 21:00;5.013
21/06/2021 21:00;5.013
21/06/2021 21:00;5.013
21/06/2021 21:00;5.013
21/06/2021 21:00;5.013
21/06/2021 21:00;5.013
21/06/2021 21:00;5.013
21/06/2021 21:00;5.013
21/06/2021 21:00;5.013
21/06/2021 21:00;5.013
21/06/2021 21:00;5.013
21/06/2021 21:00;5.013
21/06/2021 21:00;5.013
21/06/2021 21:00;5.013
21/06/2021 21:00;5.013
21/06/2021 21:00;5.013
22/06/2021 00:20;5.013
21/06/2021 21:24;5.013
22/06/2021 00:28;5.013
22/06/2021 00:29;5.013
22/06/2021 00:29;5.013
22/06/2021 00:29;5.013
22/06/2021 00:34;5.013
22/06/2021 00:34;5.013
